Epoch;Correctness;AvgError;MinError;MaxError
0;16.1;2.3041503280972546;1.3718593961791334;3.934071011065262
1;37.1;2.1905415817371225;1.2065711709196443;3.196215216449543
2;54.4;1.899394104627724;0.5232946977108409;4.395772462368394
3;60.6;1.5831329845815072;0.2313236667039994;5.5998206303812585
4;65.8;1.3423122784567756;0.09244642850542706;6.513470402531058
