Epoch;Correctness;AvgError;MinError;MaxError;ElapsedSeconds
0;(0, 10.10125);1.1483964;0.0016934898;13.454941;623.5023
1;(1, 65.4);1.2149707;0.007750007;9.263375;625.12573
2;(2, 68.7);N/A;N/A;N/A;0
