Epoch;Correctness;AvgError;MinError;MaxError;ElapsedSeconds
0;10;N/A;N/A;N/A;0
1;64.4;1.4887488;0.0022560158;12.226071;370.57166
2;71.8;1.0629601;0.00076323067;12.565281;749.4819
3;74.7;0.9276016;0.0005137452;12.264395;1124.7676
4;76.8;0.8384699;0.0004756986;13.460276;1501.7832
