Epoch;Correctness;AvgError;MinError;MaxError;ElapsedSeconds
0;60.5;1.8630246;0.24683048;5.7701344;413.99805
1;70.1;1.2861407;0.049428355;6.92161;827.4464
2;69.5;1.1059476;0.026124941;8.630572;1241.39
3;71.2;1.0389117;0.016537765;8.801709;1658.5939
4;69.9;0.998782;0.01149995;9.209549;2074.0603
5;74.7;0.9774408;0.011298106;9.266023;2488.117
