Epoch;Correctness;AvgError;MinError;MaxError;ElapsedSeconds
0;9.1;null;null;null;0
1;70.5;1.3712296;5.7281704E-05;11.002051;406.6838
2;75.1;0.8930971;9.423938E-05;11.237024;825.29614
3;78.9;0.76895386;2.747812E-05;11.702396;1245.1932
4;81.6;0.698859;1.5974172E-05;12.245489;1667.9741
5;82.5;0.659784;2.0504209E-05;12.568696;2080.3123
6;82.7;0.632799;1.01328405E-05;13.610627;2519.987
7;82.9;0.6141269;1.102692E-05;13.069618;2939.6982
