Epoch;Correctness;AvgError;MinError;MaxError;ElapsedSeconds
0;9.2;null;null;null;0
1;59.9;1.7462425;0.016956892;9.239802;386.86673
2;68.5;1.2034719;0.0016777277;11.833967;786.5539
3;72.1;1.0458878;0.0014772592;12.060803;1188.1348
4;74.2;0.93303984;0.00042542923;12.178451;1585.5848
5;76.1;0.84846836;0.00048327202;12.677835;1984.523
6;80.5;0.79139435;0.00035220626;12.519705;2379.992
