Epoch;Correctness;AvgError;MinError;MaxError;ElapsedSeconds
0;10.1;null;null;null;0
1;49.7;1.7695554;0.011757921;12.281226;347.49075
2;63;1.2784692;0.0028991962;15.228571;710.28
3;67.6;1.1648705;0.0020711399;15.201467;1099.6938
4;67.4;1.1300269;0.0016853699;15.183462;1493.3276
